id,url
1,https://agentic-commerce-800053188430.asia-northeast1.run.app/product.html?id=1
2,https://agentic-commerce-800053188430.asia-northeast1.run.app/product.html?id=2
3,https://agentic-commerce-800053188430.asia-northeast1.run.app/product.html?id=3
4,https://agentic-commerce-800053188430.asia-northeast1.run.app/product.html?id=4
5,https://agentic-commerce-800053188430.asia-northeast1.run.app/product.html?id=5
6,https://agentic-commerce-800053188430.asia-northeast1.run.app/product.html?id=6
7,https://agentic-commerce-800053188430.asia-northeast1.run.app/product.html?id=7
8,https://agentic-commerce-800053188430.asia-northeast1.run.app/product.html?id=8
9,https://agentic-commerce-800053188430.asia-northeast1.run.app/product.html?id=9
10,https://agentic-commerce-800053188430.asia-northeast1.run.app/product.html?id=10
11,https://agentic-commerce-800053188430.asia-northeast1.run.app/product.html?id=11
12,https://agentic-commerce-800053188430.asia-northeast1.run.app/product.html?id=12
13,https://agentic-commerce-800053188430.asia-northeast1.run.app/product.html?id=13
14,https://agentic-commerce-800053188430.asia-northeast1.run.app/product.html?id=14
15,https://agentic-commerce-800053188430.asia-northeast1.run.app/product.html?id=15
16,https://agentic-commerce-800053188430.asia-northeast1.run.app/product.html?id=16
17,https://agentic-commerce-800053188430.asia-northeast1.run.app/product.html?id=17
18,https://agentic-commerce-800053188430.asia-northeast1.run.app/product.html?id=18
19,https://agentic-commerce-800053188430.asia-northeast1.run.app/product.html?id=19
20,https://agentic-commerce-800053188430.asia-northeast1.run.app/product.html?id=20
21,https://agentic-commerce-800053188430.asia-northeast1.run.app/product.html?id=21
22,https://agentic-commerce-800053188430.asia-northeast1.run.app/product.html?id=22
23,https://agentic-commerce-800053188430.asia-northeast1.run.app/product.html?id=23
24,https://agentic-commerce-800053188430.asia-northeast1.run.app/product.html?id=24
25,https://agentic-commerce-800053188430.asia-northeast1.run.app/product.html?id=25
26,https://agentic-commerce-800053188430.asia-northeast1.run.app/product.html?id=26
27,https://agentic-commerce-800053188430.asia-northeast1.run.app/product.html?id=27
28,https://agentic-commerce-800053188430.asia-northeast1.run.app/product.html?id=28
